Address, Locked, Unlocked
0x34f3DBE9C847C39f34230adf426f3Abe64A4DA99, 200000, 220133
0x11a67C3806e8fd537a9792F2d89856eEDe0F34e6, 822, 153
0x7Da2d3A40D602d451fC7a609e495B8cb0d298ED8, 1432, 6813
0x0ac4ABAe0bE8d658A818C3123995721E4Fb57E58, 0, 4997
0xd3a6016e1c7C3de01AA2D25B74342Cb5E2eC4616, 0, 31
0x620C8Bec4aA23b9e69a11d78Cd69f0877d0861C5, 500, 14531
0x162Ef408d73b39E122d5B00deEc2A4Bc68fcc677, 65, 66172
0x5c42854E3F4381bF0a4C5dd515C87cA1A4129fAe, 10104, 0
0x0e21c9752266c0B41b45545B4557Fe602961F291, 0, 330
0xF4E08c22FC9Dda3c654fEf5B8F303334C46FccdE, 0, 40826
0x9812bC2540417E38d1dE6a7E7a5c75D7e1b32f3f, 0, 3
0x7554FDE6724eaD1e79185661f4353e24e064De69, 118581, 0
0xA8f5be8365305edfDb4B05E135C7d17668321BD8, 12, 0
0xA27112839F468B59866B7Dad4d6FfBb3ebA625aC, 393, 8101
0xD1B8726d9A4e1D7F2E7262CF19E7ED0BEA277F60, 0, 4559
0x79921c5583Ed60358C073D7f12f7401277F91f88, 0, 600
0x397246fCE534b8347E3F95ad91397250F8Cb0d8f, 216, 0
0x5A48358e8f3b59BE2eA83b5fcdE06Dd40EA2242D, 0, 0
0x22816e4119BA40AF460E1E07fF74376f7ECC7C23, 0, 600
0xd2881CDa4aCa733e5ba73b75196913e4A1c9D916, 0, 52
0x71885C959da8519d1b6AE0Eb64B4256b59430968, 0, 7799
0xED5c0ec452Cd2C41817a770757f5Bbad45877F90, 6, 1
0x5762A9C5E55B1C6954C599df90B5b61ed10B3226, 15632, 11
0x9857eAdDa114416286D466358DEE918BdAb4110C, 3, 7691
0x13030262Ae9928DA1C2275Fc6A6230633aF6d375, 0, 546
0x2f298dB3EDa6542EbB5E9C819939b247d1b2bF77, 590, 5431
0x89210F4e96E69416f99C3742cEe1E5f0106ae5b6, 0, 90
0x7457093Dc138cf3f1D474985c5f7C0040A178DCD, 0, 1549
0xCCc49B604a20625A0Bf8Dc2f1944bD9aA537F99e, 266, 0
0xB71cDe48E96178E5459Ba3C39Cce17420Bc0335F, 0, 0
0xD57f69AC59c660090c4eDBAb2c3462bB98E4cB27, 233, 0
0x071221e623328d5DD1E42Eb445f914a0Bb2922D0, 446335, 612537
0x05e21CB0e493D35941d18EE599F0DCA72939E92d, 0, 0
0xf318A2F77816c166181597E53ec95773c7d70262, 202, 3527
0xEbd2581378995483602041d787a337Dd8f7501e7, 503, 0
0xf1De322F852E8BdE95002534d02408179C4C3146, 0, 0
0x3c3b93e526e615f2f67Db95D29658f9ed519dC38, 605, 0
0x141F5DF37e52627E104aE7748B709629E34B4C37, 10, 33
0xCeDb0Fd903aE5DC6d7eC633A40Dd7EA7833759a0, 0, 2534
0x8F91da09013f9091bCA847F3758C1a26c78feE7d, 1, 5
0x3555fa0b133eD068b127E8A9Efd9a59FC4123be0, 0, 45330
0x5EEc4DaB76c8D2a152FA3E6a667548c6Ae17fCaf, 1427, 37400
0xC03507100C9aF14E9184285E63106914e49AD1Ff, 69, 364
0x31b265fe036b12A54101D8C72DdBe2CeF04E4731, 0, 4272
0xa43F4379a0363432b72bc760eC97BbcA966649bf, 0, 2246
0xFa55FB31d36773d548BaEF19AFd4Ed93322a17fF, 378696, 198
0xb346aB42aD47cEF09b072F2f9bB297Ac5E1e2f44, 500, 341
0x8751B356D90C45Ba13b3B5d222059df8506AFf7f, 285, 0
0x59b3144C71391F19Ed79380a898C7Cdd17Ad62B1, 96349, 281715
0xb9F7dEeE6F91A801a9Db46E6c4634f552d0C213d, 0, 33
0x9351fb5C57aB4155e77d2B5bE847B3Bf44c484F4, 5, 58
0xdc3a2D07D809dF49a550b4afE39Da8d61f92d2b1, 0, 0
0x5a0e8447e5cE335DEf5F824E4f010B12d5730EA5, 38139, 0
0x80F8b6220f4C0A5B6a72C30B6C9332B06f915306, 0, 10
0xC574E2DD83d94fDca0AbBa4f7D914b812f05FF26, 83, 6578
0x7d9872acD58Ad14098301912d1EacFE83C4581F5, 0, 5949
0x25871aC56A7f752f15F2a1093540f9d643bCBEC4, 145, 0
0xbFEc7EdC739B33e6C5C615E3cF34e7FB5d266793, 722, 0
0x7a8bC5C6ab92e0B69C5Abf62C92770Cf26554C91, 0, 0
0x94F2c98f5e156fCe5f6D360762e5C08d2efe3Da3, 0, 0
0xc732a859d2FCE5a48a74a8C1513A50A09692dF7D, 0, 1668
0x9b163A1F44B73c141fe348e7C76c08659291307A, 78, 51
0x5e67f6BfAD6E758a610aBf0601eaD439A4D93288, 0, 584
0xF07b4078AFbFc4F36CBAf63258e74b6f41aFB71c, 0, 0
0x720f0638F23B82027bEA6cCcD66eB0AF7620F9CD, 1000, 0
0x6341E1EB710ee24A2746a3D340C77b361d2e1D22, 15000, 16145
0x8cFbe87D886F5E8f2a953C8f324360f6E1a1dc43, 0, 465
0x339DEfa3EA1b5A08Bf6ecf085488fED7f424f699, 1469, 0
0xc3cdcA58c64177dCcF4B792b834C9b87E3dd17A1, 0, 0
0x81006Dba65e914437Bd1F1537ddc3B87Dc1df047, 0, 0
0x723702F043771ba3B3A9A3bC8b61503e0A28287e, 5100, 2500
0xBa874d25a1167A5B664eAeAE4d090cDED4E4FE52, 0, 0
0x730287DE612DCbcb4ec6Ed66096C29754187192e, 250, 0
0x8Af67D82A880607D04b5eC513768cd4ffa733Ac5, 0, 0
0x9Bd680458De070a9b98a7B3e615299da3c5f5905, 230, 0
0x334dd823de8037464ef20af6e8cB504821F5F516, 0, 13266
0x739Ba1C3fdaF790b94D62E8deb003aD4c84485D1, 221, 0
0xB91c126d8BA995405245A02Aa0e4c8B78970F77A, 0, 2014
0x084c31588eDca46d91F8C4E13a5a9e6ec5e88d9C, 0, 0
0xa0dDa1B22BDDb40AdbC5524138C69Ec9f5e7088d, 1, 0
0x791010460401883B3a7f695dfaFF2e814F2a3741, 0, 2033
0x065273958D715A6323119178B58B4a7Cbd4020e1, 15000, 0
0x4A0D5DA6F417B1AA966E478747613891927D0a64, 1, 0
0x6dE6314e06430C25a5253C68D23e549f1E056F0d, 749, 1
0x0d349331310aBd72872da19cf4e4980a79105d49, 1664690, 812919
0xaed7Ae5288DB82dB2575De216eDC443bC8764a07, 107686, 0
