Address, Collateral Gains
0xfD2B5211a81a59B0BFeF391E84BaBfC60689B631, 83939898.790570057496852088
0x34f3DBE9C847C39f34230adf426f3Abe64A4DA99, 393557.965019855806654533
0x70A83aeA847676F820dA766d6e4975165E2fd852, 2705533.37933393397090417
0x1200894Aa40D940242A5F20C57d03A6d90ED815a, 15.668085887366157682
0x8E0f121DC898022815B758E73D9Baa7f5876A4C1, 6604877.0
0xD058006E39087a30DBedCDf4bEe8A565E3Cb95ec, 5.291894314634906723
0xBC67C69f2C98f25478a2f65037411fc29D00c05b, 10.827183587269908943
0xEEAe615b662498aAFbfD38429C85B4616cf88099, 20.046260064337805585
0xb1F3e4455101F3088b7c17270a7536438BD0b274, 3.625196948306385858
0x4Ed497292786a57275F75820f996b0069F3f27b8, 3282.830550333506687559
0x5dD7b90509164646C590D2a4df27e6dcFEC3A598, 33.773970402478978707
0x54A1a90C562FAF616aC3389AE008FD83d91D6E20, 1128.287252521479724794
0x4a074A97b732AF0EF40a3CF82e5f4a99eaF72eCE, 7.741683678809724288
0xf51B6b7D1Ba56c9DE6948f238509F804adc0D1a4, 13.959813887138013649
0xC574E2DD83d94fDca0AbBa4f7D914b812f05FF26, 8668.079366885049330193
0x8FDb735c2296b3E43b6dE19B6aABE139Fb1554BE, 18.523408663685351861
0xFD5B061127Be14dED27D8a8f380fD760321326E8, 1950.0
0xD70C79Ddb6Cc9908C57f6a14A7d9745cCcBEcf68, 588.223632635530423407
0xb9F7dEeE6F91A801a9Db46E6c4634f552d0C213d, 38.792566872427983538
0x42506bD61a346D172CF2F0734b43172DA7ab0FA7, 3387.558366786782933051
0x0991d3dDEaDd35c853d597037Fb03fe61d81eD7F, 9285.702932098765432095
0x4C8D78a40C45aF71C448F35C6AD153d0a7B9651f, 1917.095792373572347779
0x3605d4FB7233f96aA7207D73083167156DFA13Db, 6000.0
0x141F5DF37e52627E104aE7748B709629E34B4C37, 100.0
0x12C9FA9c75C80ccE12742ED66ff8983666F81688, 3.275753443854447849
0x084c31588eDca46d91F8C4E13a5a9e6ec5e88d9C, 6141.143775720164609053
0xA870741a75BBC577bfa0413cac1bDA0360624D30, 83.026770332264290549
0x2D7476572851aC5F0a8950248BF07505Dc8733dC, 2871.446594138882320163
0x0A54BC2E8F726A6Afd2645b21C80d2485A2B1DbF, 546.75
0xCD0fC2F5F1DB2f20792A2d04c57C7F322f6f8362, 243.475707589981267411
0x9e088dBe494f5873B41fE43c778A87dcd3BC0779, 4002.672452343749999999
0xaA4b5c729038a12FeC4d5278ff55Fa62Fac81E56, 20.571502057613168724
0x94F2c98f5e156fCe5f6D360762e5C08d2efe3Da3, 861.43663915509453706
0xFFB7EbAfa6E513060182d3D7D838322fc94C1903, 7.85
0x61047d1F89918F7e1bF2E143BB73B6019514Beed, 112.257433707948836295
0x4Fd15e49cdb719A96dfC49D0d015422F20f3c7C9, 869.005773650120124537
0x103458Ed9b76476AaF0397AE7f72663955b513Cf, 0.000006730502825023
0xc3648dcAD677CD821e4e424CE7ff0ED2844d0D01, 76.692150407715084164
0x5A48358e8f3b59BE2eA83b5fcdE06Dd40EA2242D, 1693.0
0x170B6d308d3b0872587Cf54921F3eE8D395069f0, 249.406924042756423185
0x5e9b647037eA66A9777df58A83b4E484316F0b80, 0.376907297700764185
0x06A8Bc288B77e2A0CC445C251cbebfaF91d27683, 456.252454560481189936
0x8F70b3aC45A6896532FB90B992D5B7827bA88d3C, 3118.562849126715463485
0x0eb1fA213cF5E1c4D2Fd768B30538A9cee0938fC, 4000.0
0xAe5117FD31F7c37D4984c4A5d86E87ab864CdCE8, 308.913204344177954728
0xfC7bD9d4ba655ddABB82c0FA7a215EB638Ed5685, 2109.419170034896984894
0xC090199E68d6F15bDF3E197145610Fb10B7AEA39, 95875.164401592150920434
0x33f758c78d19357d00C8b1a59a75B8d171AcfA3f, 916.539768590058265887
0xd16519644e7AAF0B8c5DAC03228d2EfFc836e47d, 0.403409742885021725
0x8Bf8061c6055ddE0089902F5f76c2D828019d80F, 1496.482856041977163641
0x7a8bC5C6ab92e0B69C5Abf62C92770Cf26554C91, 1577.793772567148506024
0x7a701620f8A0abfD231a467f61309d4551BeF1c5, 3403.216676986187968578
0x7748C0ce60b3E4768fBeD23F8D0EbB60bbd2b323, 7.56680642578125
0xB14152b114ed0AE46b603DcEdbd97cce9e23966A, 2266.9916015014136551
0x397246fCE534b8347E3F95ad91397250F8Cb0d8f, 0.166298126183887171
0xE2a0dDB8A6EE27E98683dB9f23f58e481B07267C, 1262.120835907012020092
0x6a2A774C2d529Ab2799149Bd8e70f56eadE97d0A, 95.737861912786497846
0x20e1Da63fAA6d0306D6e536D3933A8e6b53c9389, 6000.0
0x70b88839f588e9555e9E558c06d173d1247c6E1B, 2086.975735958461478333
0x1FBcd20221dED8E728F1C126B59382AB503087A1, 1257.622860888053003527
0x17C718045D5E3F9A8d422C8aC03d76e05E6a8a82, 7.617669753086419753
0x8722acE3C163eAb6eeb7B1c1f5dD3d600b2C628e, 1186.234876543209876543
0x9E28F4Daa8bF5294e7cE4C69edba90c210E15D1D, 3389.298270641854086051
0xa76B24d44Ef4C0839296874dE5d3e10E0537B533, 6000.0
0x5A384f7c9D65113d836bC60DD7960A366DFc47A9, 771.996847970076769815
0xeC555721e5000D8214F543bA460905F23a9990b5, 775.478228369228504289
0x2B0d87C72aA054eD66E2BC967002A7d1201D0296, 497.861168910702582412
0x33ce65Bd06cfcba7d3f7375e2A7dab31205025e1, 600.0
0x3fDC4611d18BfC0DA4a48BE84533f914D0F7f1f2, 89731.384224958783168162
0xD2961553cA44B936418Fb91052312553c8C05DB0, 3094.719186448111778104
0x007b12a3B1a8D5A9Fd0Df47174bBA6E89bBdd217, 120.884381338407326128
0x5d65A068426A802f77dDaf2b6038533F3C135Aa6, 1286.255459909523894535
0x202874b6D447267CC7040Fbcbd4Ca6B00d207d58, 100.0
0x50cb70D219c47e0086912e78CbEAa7Bf12187aB7, 1659.101594650205761316
0x2Cd1Aa666A981F137C5088a395C0D5eca830B2B1, 5725.0
0xACA27CFbfF108992b1BbB5cb741661e0FB450777, 7704.235027850879345409
0xFd4b4099AcE5F28E45b74BA0890A48A48743CA58, 6000.0
0xF1E693b8aFB4297b4316448a06241Ed1F5b8A795, 6000.0
0x7457093Dc138cf3f1D474985c5f7C0040A178DCD, 19.240826092925000624
0x7d831a0E2a7CF41C67c466d3dcC0EA0c62A42aB0, 18000.0
0x1FC1413E850ac0cA47eb9E0AfDfF29B93dB4957f, 4500.0
0x7098BeCe74B2046cAF9E5109942110213d584449, 4000.0
0x2f298dB3EDa6542EbB5E9C819939b247d1b2bF77, 12175.999999999999999997
0x13030262Ae9928DA1C2275Fc6A6230633aF6d375, 356.05470293209876543
0x2D4e31ECeA59816fd252415F8363b5E52398F11B, 600.0
0x541fB9C87a82a7D48be7616BC0a7521D384C39A2, 1024.195953044687063308
0x2c459165e23Bf71563967741bB0537BD40Ba7222, 688.644810983582866409
0xbE2ef7d04aF3E9851099A5D4C27ab42389E0425d, 347.562519368688693672
0x36AA170FfF82259c2d17E0BAA527b224f203B523, 6558.072406873461182275
0x6D5988C61E1c59C70d3500509C0619257D0647E4, 3360.0
0x343d7CF45bBdE2993c115E4348ae9c0a9cAcdEBe, 0.847405903150736543
0xBE4eae91033f36991eBad5c1e0D9dDd40A3CD329, 2.836137266684501479
0x3098A47e7e9a3232F64B882Da058012AF8417D4f, 6000.0
0xc7aA687ac6eBf30f734C0296ACDE59efA3f53cC8, 649.509534214860624146
0x4A6b65BE6a730C3e2550C6861FB13B1170cB289d, 6000.0
0x9C238E55Ee32313956A4A9Ffb6753a9c1870093C, 6000.0
0xD82A902F42379E01084D07c84B496EF499beA7eE, 978.854346707818930041
0x7Eb8247ffd7Ea8Ad1985fF0a65F96a903dddf0Aa, 6000.0
0x8068549ef03A4C187216D6dD5126A15147B92C7d, 3693.211037389147153622
0x2E997286D6EedC2c4c85cB15ECb3DD52Acc52673, 273.497073996564542594
0xD79c56C065C50F323Eb1142Bb871f757F47A9D08, 948.989825302941492756
0x2e91Adb0B8173767E36b631d60F6ddF3b7f29067, 574.440005461056005499
0x7DB211218dB3EC97A2e411Ee2FBDA873DD95F9B9, 3000.0
0x071221e623328d5DD1E42Eb445f914a0Bb2922D0, 3.474063768091577568
0x05844F1Dd8e39809a1d59D74617B43fF38DF6e3b, 5.871103505199267643
0x59b3144C71391F19Ed79380a898C7Cdd17Ad62B1, 6704.604087426529551205
0x6341E1EB710ee24A2746a3D340C77b361d2e1D22, 9349.027777777777777777
0x339DEfa3EA1b5A08Bf6ecf085488fED7f424f699, 0.037328702205338186
0xDC3A6D16E5D0B4EF6708fA657CC7830e7ab7430C, 50.0
0xdb9Ec2C5508814AE69679298a2031364c5a70042, 821.215928707073418073
0x2cBA7fc2043aC878bad6Eb959eA343d82Ed3AC41, 600.0
0x81006Dba65e914437Bd1F1537ddc3B87Dc1df047, 4225.642618089981808006
0x76090eC493Fe7e76B4413988cEb53bF38aD04303, 70.734419564974851491
0x93158BB0709D7768e21F0b5a6873c2CF1A34645b, 3021.710127932732244827
0x25a2eeA6a2a685231e70AF1Edcd5daBc501b7Ae4, 339.201725768668135189
0x972Ac99b6a89F454eA07b11794f85cB1FbBad5f4, 869.788074837679659376
0x549d1016F1522393aA15365B95D2e3eE82Cc8E59, 1500.0
0x3Cd25CeBa068828E04B40F69b9f42240963D5fB2, 2.481297556461946161
0xe53c72122738d35c80397Ab7ee582E45126EcCa1, 6370.83990824536776498
0xCcbF960ED5C52BD04f5AB3f15AF39A9F508511Bb, 1274.49312667120550098
0x80F8b6220f4C0A5B6a72C30B6C9332B06f915306, 8284.210323102045089619
0xf29662A975e37364D1d952F078393e0893bd05d3, 10.097443350976386679
0xD1B8726d9A4e1D7F2E7262CF19E7ED0BEA277F60, 0.311891579179565867
0xa5d2c2E8F6FEa67dF7F969176A2cb6ccbB080168, 400.0
0x1E660733cDa2E3Dea44801f5A80765097a60660e, 140.05632716049382716
0xba31aEc1257EB80e199B9A467EFEAF498325f05b, 10713.909879705039950519
0x554D78AD74a7cf3D4194d0c6985096a643AC2e41, 328.339506172839506172
0xBA85Ebba240b5b45609AEDBf195Ee21232a3947C, 56.56756539129435924
0xb523376B23D868620Ca292197B3DaBe42111064F, 2462.490997942386831275
0x64888fB6cf9B649184c08a304DF4c39CB32c6254, 140.055555555555555555
0x162Ef408d73b39E122d5B00deEc2A4Bc68fcc677, 2.53839834253920442
0x11C56F382988b5b0171B447fa63372b357F937fD, 183.7608056841563786
0x06390D61E503EDA148949b173A13D0B7A66ce027, 6126.852949520938788944
0x85747c1D2506D9a1d2b3725e0c4E0EcccFED9c57, 709.007383009065168684
0x179BFc8dfEecd583c2F3Fe31553Cc618aD79ec17, 12098.725524035265136707
0x8eA6d891C37164A93819a865204D3329783768cc, 20392.617009711359901454
0x8e90C5cdd534127de87e887Eff72FE5D37952171, 111.111214705065462588
0xd88532f2150e0831E1Aa81443Bc0F17E76917C72, 5787.048435333181366588
0x284Fb91995188055685Ae1c31029c83fb7dd1011, 88.551521610446355443
0xbC14E05d76Da2eC66c9DfdA0d67C7c9e8447f368, 100.0
0x8828808d692bFa78d4A8167179bBfA79534AE7f5, 133.054076646090534979
0x53143A1404277d27EF7007751739ce950896A3c2, 4500.0
0x2e1C1D4e7cB0a1DA923c2181B6A0a71F5D2c729B, 0.594357920761615414
0xcC0E4aC1E213b5C5007881380cb9D18E0eDb2D96, 622.801177904129257837
0x2BcAe3727A5aB175739ff4512590e34b608a3FFD, 6000.0
0xa4F359b5F3793C7c878626B979d3BD87A55bade6, 4424.83495221363594144
0x9263B9A94Ab3e51d60dFdb2C6d9e01b3145A2638, 59.324074074074074074
0xcDd3450Df80500A3ec59235892829dD766667d7E, 6.236332106805584764
0x94EebF2F849c93582c6b4eCbc976C8cdA581f6d3, 502.308905671260941238
0x1F3ca34e78Ccb5581807B51915b0Afe304A92450, 6000.0
0xb10269066Bb12c54F549E5AF00C19238CcA1c6D0, 5064.936921296296296296
0xd3a6016e1c7C3de01AA2D25B74342Cb5E2eC4616, 2492.771342388554600317
0xA65001b4b6a1F7D0db139F1739896e811900047f, 4500.0
0x52087B1936f3Ae22ba4D33b49fCfC490F4D2735D, 4846.833639857222780784
0x4F90A73c7986369C0D07008FB1eb65478070494C, 15300.0
0xF07b4078AFbFc4F36CBAf63258e74b6f41aFB71c, 999.999999999999999999
0xacF1Dea72FF8faE372BedE5f6Ee1A082B1f453E3, 600.0
0x90800352E57a3e8f5d116468B55C0F1553ea6f4a, 7.930148211605635621
0x4C7367C3f88616606BC7b1c98d7788cAA32A39eD, 2217.059139865752341786
0xd17314761b84d7D63c45f40633f7beb402c04E5c, 618.062995509183390812
0x7032d6E0b7413D05a222bAFaD75B94284489438A, 958.008230452674897119
0x855093431ee7211b21BE22C3634b34A827652a43, 6000.0
0xC10cC29F840B8885e321C62E0C1BE8ff63f9991E, 86.91046875
0x4ada7eEB8D4b619B85d929290651ee12b1BF84c8, 8847.004115226337448558
0xb4EE4eAa42033eEDD96db1bC1E4d157846398B50, 300.0
0x4F2Aec2bEC8127298C17BC006284eEA27d83e87c, 617.432100472115898007
0x334dd823de8037464ef20af6e8cB504821F5F516, 5517.826607524504237325
0x6FF52E31c4d7b257D7B85AfD3D338F3bcd5EC0D5, 311.170495937545151791
0x3BD51252D0118A11A47D4fd56da023854af58F3b, 9000.0
0x62F1023d2b96d8B4290b02050747B8A8D25012D1, 6000.0
0x7994Ab8A936F4FCc4901d1E6F94694d929e3417E, 9600.0
0xB597ebBf9323d91c4a914592398b51ff084a20b1, 449.953575102880658436
0x4f03adC5e9ba8F90d4192EB5Dc5D34Cc444C7B66, 1490.974082773051351664
0x7644E55de551555Ad771439A67A1228DF4DA49b5, 173.51105694691549578
0x47D8067ba241b71afFa145153fb0601c456fd441, 4500.0
0x445F7D76abF2Eb5f3AdF214429ca4E0031ac22dE, 322.919342976490369023
0xc84096ee48090Fef832D0A77082385ea0EA2993D, 0.471193415637860081
0xC4a29939176A4EdCE578D46c7A8b2BeD8D5263b1, 173.276857191601122484
0x12348808206789440893d163DEb8012CD1CF111c, 1.3186072265625
0xC051fed6280D6fE686947455802dC8190Ee76390, 584.179580164679161189
0x29036a8524a80129fA435687E1309a8759A62e4d, 646.515946502057613167
0x80b3f88a96953D622dab86B5e0C35349059e0a3e, 4500.0
0xCD99fE3C747D42C6D2d414072bEE657437637026, 399.999999999999999999
0x9bD79f0B02b6FF20Ca7311E6d06A6f785D824Db7, 0.310935895809972364
0xDC4c7e0c78Db8fb1BeaF0a300d1A04D4B408737e, 290.54166327954109201
0xEE523973E82ce5635523aae3aBd95448a279D30A, 16105.469838842006875474
0x7Da2d3A40D602d451fC7a609e495B8cb0d298ED8, 0.018240828694646801
0xfB2B0359d9A79729A8Ee2c80F6D50AD919d6EedE, 343.367039076799959345
0x230F8C599a68b9f2a8908D2AFef05BE0D76b15d1, 895.696591442165515421
0xaFCde30B30842BF238C35F4A048123200ac617E2, 3501.776126746115581654
0x0ac4ABAe0bE8d658A818C3123995721E4Fb57E58, 750.872816791354331573
0x8f16077d2ea4a17E77B4DA1F7F63aEdCd779F6AA, 6000.0
0x56CAe13a851754E16D8E12C4Cb990d5B9A33eB79, 3513.946668644102652924
0x9C51C1B4C74C47d087Cf4De9a7BfE2778f85c56e, 20.262755858274318872
0x9CCd386c374dB0e24c2D2e099E05da246cC53a1A, 10844.844523336311816537
0x935F75E2fAF92A5dE55aaA79056Bd1b78Aa65948, 6999.999999999999999996
0xEf7028EFA21F316731c32BFbca8490DC9852E3Fe, 90.166637064989158517
0x3385AA1E0579959b95A05a9b04D6d249b50B70Ad, 6000.0
0x791010460401883B3a7f695dfaFF2e814F2a3741, 2921.192071678202899207
0x4d6cE072fdc35F55ce8E97b31caa31d707c7CB67, 50.0
0x3f243419cDe53d81589e146D6f98f1f07BE6C50D, 3900.0
0x7554FDE6724eaD1e79185661f4353e24e064De69, 0.41227140394970039
0x7fC47b263AF25D2E1D899CC580DFD96B186b9489, 3000.0
0x0e21c9752266c0B41b45545B4557Fe602961F291, 27209.074512530759043385
0xF77873e01628cf10c27f6216741E1049AB21B528, 2876.673611111111111111
0x8f18FA367fe1D833879249a6A1f25279D93d9888, 7552.097054199273136836
0x88e1D504Fd6551A7B7b19e1Aa6881de1A9F18ca7, 1000.0
0x7fEb82062bE80f1CF1Fa81906c5FDB634Ac0eaA6, 235.445424863378391854
0x0640E6dfA680595AddDcE37CB54fcfE842944c9d, 246.820421810699588476
0x9b163A1F44B73c141fe348e7C76c08659291307A, 78.8633793561619138
0x671eC62d8654F3d553dcc92CB833C5D0231903a2, 3000.0
0x546FaAb572aDd60E435aB6Ca9F6288247B49BF10, 64.228555383763997355
0xf044972b401b1acf0c9b2e129f99d4A8D2De3D7e, 43.914287125849999425
0x4de27b683822de77846656c9018f817B0A9191FE, 22.2505144
0xf17Ca0d5ebC34f4FE2C20f1034F44cF651290407, 4466.138760288065843621
0x5263D355ddE03Fd5b2C4cE3dDC7C8395db3356d8, 1959.945387574519576244
0xeA8c64905f2dA27eF518b86D8FD29CaAC2f6e05d, 6000.0
0x73E349fe238EB939b2e8E9519A451b68a4E82448, 6474.231224279835390946
0x87C99910a6777823Ebbc6731C8A72d6f6a62bFB0, 750.0
0x5762A9C5E55B1C6954C599df90B5b61ed10B3226, 41.383438189379242558
0x19Fc928Bc27653c5310387D824d0138B6628f09B, 167.406167645313648641
0xc5C0B9eFd7AFB8a0AaA41B06710Ee5eAb33e4e2b, 53.695343787050716571
0x40a76Fd1CB41f05B01286888F635d5A7e917f274, 96.503079719997678433
0x9a4629056A374568Dc0859Ba732832997c010272, 600.0
0x4eab317E16Bba29d980292380fCA31726EED27f8, 56.073952271511731887
0x7d9872acD58Ad14098301912d1EacFE83C4581F5, 0.156204
0x99645a9761da8586E134AF9827cd06Ce78E25bE3, 40.967018331897257427
0x5cDBEc65F67f8D4aA5B169cB6320346eC280C1b6, 56.054999497520442813
0x88FC796cBBe5dfA909F63E22FBA6f33c8B9851A5, 750.0
0x2b49f10F98Db36039Eec8e6919f65773EE9C4042, 854.598776424971298283
0x15F01f42e06D423eFb5545D01E472882Ee8B7F8E, 10000.0
0xBce75Be4d9526868Ff54C04C06753AD9a267cf7C, 10000.0
0x99cEB0Bde19A4d92718b44a28932296c785c6003, 4000.0
0xEd50cb8a5dbc593Cee924C56d592B1Aeffb3c2E9, 141.594331391341151469
0xb3821f7e8E9290955d6618EB6590f68C26CF6aa7, 14027.622850398772064483
0x4F2C1B6ea5196e9D14E576Ed9c2b07cf08DbB452, 138.895956943741417894
0xd22cCA215B5c94FaECb287De2A6Ce07046c01D16, 804.545405125164543987
0x2a59229FCb4C91fEd9315D3864c86b29FFe6a4F0, 80.453272456206398776
0x723702F043771ba3B3A9A3bC8b61503e0A28287e, 7884.474648519691191886
0xE28c7d0721ed7d6A74BbEa7c49aD7aDA0eC658E8, 3000.0
0x74Beb75C1D75c26f899aF68580fb88B040609Fb6, 0.00087551440329218
0xe3F5c5722E6d0e6a09862fC53fFDfb752b83e62C, 5252.329301999995
0x0a8e1302993fcB8783de54D3C1205c0840A6f87d, 1500.0
0xCC7CC2e94273e694998ba0B3C80306cf031aedB7, 269.667438271604938271
0x2c3Fcc6b4beb696CcD7Fdcbc3AfA90fa7a3b95f8, 8614.501543209876543208
0x8751B356D90C45Ba13b3B5d222059df8506AFf7f, 1364.169783260767658515
0x290dE4b0025ed15F3F70ab6166deCc5A1363D3B3, 514.19047285630291335
0xF8aeA31756f48fC0149515320F5104875B9D5c96, 2034.47422892267542403
0xBCc18319D2FfA4cD1A380574980B9038CAa9c0d6, 209.290281098396521753
0x76F3D6F298a515eCb765BDcC7abbAA6EF9DA0ec8, 2110.945590023442069114
0xf8472477966fF818e76ccBC6FD047F06D0dD21f1, 99.386552006698193641
0xc4B89F33ab45fCA603bC23EF52d06CCd1Ab95D15, 5145.577092429039670567
0x60E4A28B15d15bD6C383bB26b159a664D84015cd, 98.453192989344433567
0x93ADf181c0D477568aa8c18014cED7fE5074b561, 2.911332792684511505
0x8eA01F2161216Dd0525b76484B6346d30D9FBCA4, 219.887144291440723397
0x399CD6e92eFE34048EA85882278833EF3eec3476, 9051.429494666141634033
0x065273958D715A6323119178B58B4a7Cbd4020e1, 11489.693278963191724406
0xA8f5be8365305edfDb4B05E135C7d17668321BD8, 200.440473867945436127
0x5C29616AF35b94212b8f3e2405c99240b641b2eA, 22626.782407407407407406
0xd9A8ae435ac4c7Dd9380306b18644a4Df8775B17, 20153.887860082304526747
0x8a39d186a72c55bDC76bd546F56817123aA68033, 24853.223765439999999997
0xf98f014d46bE009D9c51Fa3949B756694673D7E5, 3999.999999999999999998
0xbCfFe377B65Fcc5F9DAE89B3ff61a6D1D8060595, 3999.999999999999999998
0x7B6F30984d882e53f7105caC52c37132ee2C161b, 3999.999999999999999999
0xdaCF64195499022bFfaaAeC7B91E890ABb3bb6CE, 527.636316872427983539
0x53f58AF39Fcf01E2dEE1dF1104873C05B61CCfbf, 122.673979661113875247
0xbaB0DD674cFaBE01493e7a04b68aE057EBB23E94, 893.687730503938669083
0x657c6D0649bd7d3960c42c431b9B7a27e244f859, 300.0
0xB18400dDeCcEd080Bcc96F91B9561400c6114dd0, 9562.480329975310365631
0x0797187b835C40b0607D68dFd36B55a2078Be3Db, 115.952484341385470912
0xF27999d34537230f8577da4D90e5Dd8E8f7F6F29, 6000.0
0x6880903635392D51EaB918320cC0aC3017e697e2, 1750.222271987625755262
0x79921c5583Ed60358C073D7f12f7401277F91f88, 274.639197530864197527
0xB5123f704d9096483089B5d744F41ca9A5eb0DfC, 7060.579640262393605367
0x9ECAd9d9D3ED0938Cc3b84732D3FFa8ECe3a87c8, 1155.821466522982818529
0xD2063e290DcC53edEf2e098eC6861e9D7C3063b4, 1000.919887464174351387
0xc504C188a8640dbb0A4Eabcbc243bFAd007CF756, 6645.037937242798353909
0x7De00736Cd200890c232a2669C63da052613c77E, 1328.91439341810903412
0x17DD57739BEb1C02aB3C0BEd55d8eB4123781926, 600.0
0x9d3ECAbDf7e55e947D456aaaeE0d86cBD0Dd381f, 2536.497878086419753086
0xdF12D1B181D503c4244a2b3037E8bA5005A6f9a7, 541.875463136871052001
0xd2881CDa4aCa733e5ba73b75196913e4A1c9D916, 0.039731983209403562
0x087e4AFc95f9DfAFe1ef12B5C04A6f1935dcf725, 1374.892062
0xaF149143a9d0ce61F77332beA1790731Bacce5f9, 4500.0
0x6056d86Dcd1CbC94311EB4CD0F84117cb763730c, 6000.0
0x215e5742e4116F0D8C58160CF9C4Fc14819f207a, 91599.449588477366255144
0x7e14E3926D9546E7251d34dE09B29F0E8c649e96, 688.317591269629212368
0xC022Eb401bBb0793124F4F203AfD093A53a20728, 3000.0
0x21145847ccE1371aDaa9FBD0784a7c4e5cB2cEbe, 1212.021680312342952863
0x90A477e042dd99d212c908686A09E71258f02f60, 569.159448208622429115
0xF32fdBdf8052e6df6e403A0F84343ccaDdEB9a16, 0.214478685424509599
0x780b6894e6B31ac90D8B8eB0710A5f63beb7A887, 1010.002704289458770927
0x4436AAcD68D4A7862160F9d41D733ae39B8BD38D, 424.950573937529867509
0x31Cc43AD67d2d64f7791f347E4eB9Ba500D38DCF, 74.936174302597533518
0x83F19c5470b652Da70cAE6D0f2a23eB82F93B888, 255.258296176016306901
0x9857eAdDa114416286D466358DEE918BdAb4110C, 0.36889079242831292
0x37AF4d78a1C0Bf9bB86B24293bA2c36058e25B1E, 103.869345469875598957
0xcD5F1407a87533FE09700068Fea857d6CA3A0F15, 2.44268848187947212
0xc6A3C0ea92F4FD52307dA06ba6986E5Ea2841c81, 2115.206677763972518414
0x94DB3b198C121e9EdE3258f8300Bb6Fe958dDAb4, 2831.992908529254181728
0x4FfA3a46109A360Dc029aD77c29e5ad53593C0F6, 600.0
0xe08caD0B9b7a859bD3F75E3E736F93cCB4E74C7F, 599.738049884826656531
0x694302AA82148a587930a1Fd74E28f1368a02263, 4715.472009206630644331
0x6321E95A0D69953A394BEB4E0a2886B5B8B97b45, 1201.443788095468216244
0x739Ba1C3fdaF790b94D62E8deb003aD4c84485D1, 0.750663497936841302
0x1F4aC87Bc9144bc83C4BCfD717693726F8128955, 3776.57923967128510367
0x3476613f6b2865aBf6f9fA621Cf018D810000f70, 1725.339070174683847605
0x378C1e9fE2dD21eB3Bc5ae9255240D05F77614b9, 59999.94
0x5e3cf54B0fF46437ce48DA0A9dB46491f52a0992, 1154.318425365601961545
0x9e6B06d88A1988e9Ea63e1013196882326c6863B, 6000.0
0x5AbAabeEBe54123a7523FE9927fB2407e7Fe878f, 2016.93568084121844606
0x053F0b6901841dCEc275b5BaA381E61Cb00Ec371, 51.88575372819634797
0xD4461Fa799e90799365Aca82fA05BC876c5f4Ab5, 1361.454924805169785823
0xD7eB3c5272Ad541E16b57255367c9638c7C690E1, 1089.728296682869707091
0xf99bBF7c527eC1F9899b06E15Da329142C0A9e18, 50000.0
0xd2c53c31B4a0198360063a17Cb3f19f615B92630, 3905.313651581364352368
0x3Ddaaca61Ae1113d5faA2c6ed8fF7D837Bb7a8Fb, 1100000.064155680470778409
0x3c3b93e526e615f2f67Db95D29658f9ed519dC38, 0.019058641975308641
0xA4fED988Aa006FCe20484644684982e20dFeBb34, 181.563006726402950563
0x6A3dF5F001B6BcD20cD212FCfBEd70DEdF6B6F4F, 6719.74897119341563786
0x7CEd62f9928A88FFbA50bE7842E79b3B13E4E62A, 418.473217228522362683
0xc541313F73A09eb32B20d974b6e16A1131a341a8, 8043.974216699645389608
0xD57f69AC59c660090c4eDBAb2c3462bB98E4cB27, 0.743140856292587112
0x9d59b6D9fA2b087bCaa085035827ca81643A5a86, 60.245501849802125621
0xa5B63fFA7f5F101bD51893FAC3ffe5E979B556Eb, 4672.419295375987114454
0x0b62718888aab9d4ADc2a13Cd5ed0CB0db96e1F2, 0.624010705148171071
0x852F88395e3F6d988EFe1eec4c140E8e33699846, 578.944638160790811206
0x4F5c755aAc829Ab438778994B2Eb5cC728c56990, 3.426280058269376051
0x21AB1f77712E6a7b5e42eD6fD323829c5E581bC4, 1345.957747043347993826
0xb09ED2eDcEbF7128830E99322d005A76Aee56012, 1012.032769204681918938
0xb2f8dC7D81eFbBD5D2a0811158Bf6A75dBFE4971, 108.440559413108256355
0xbFEc7EdC739B33e6C5C615E3cF34e7FB5d266793, 980775.0
0xB91c126d8BA995405245A02Aa0e4c8B78970F77A, 0.307754541171347573
0x35625CBB7689aAbf325FFb8dBba9A62925599B57, 5258.251571701822799471
0x4335c5260f4BDeD2dedE770664183E4D0440556c, 2705.989280642966896665
0x81cEC7a198D6Cf03b9838511A33247Fb7d4A68C7, 109.171651660263558768
0xb86FB8Af4C4597485013d5DA8AD94241F4d9B7c1, 0.455580182766771727
0x69d1B539f7d8DFEACb2f0e8FF8b8969152FBbE55, 4400.64678835899237923
0xf318A2F77816c166181597E53ec95773c7d70262, 0.467501595644132434
0x5418eb069c1d148aBA5c8F4Dd3Ef2102c282e016, 26999.999999999999999999
0x6BbBe2a5fce1E30205d3e5b831c27e337da3f205, 1389.414383110970274889
0x30360C34Cd221c8f98DC8d7662F0784146770f50, 5048.472590698251090463
0xE8a88168bfE569a1aa26a973f5A50e09ec412cBc, 2995.075551835928194997
0x9a21885278b9281cE146f91BF2034D0d9b79AfCf, 3586.266828324944370073
0x8F91da09013f9091bCA847F3758C1a26c78feE7d, 0.210003306058884258
0x3555fa0b133eD068b127E8A9Efd9a59FC4123be0, 0.171003036622922648
0x5EEc4DaB76c8D2a152FA3E6a667548c6Ae17fCaf, 131347.187379531871250153
0x3DB4abE1a0164609c863A525e2bFEeE580B76Cf8, 362.63800021673718423
0x232409d4FC56A3b87641334437b8e100a53c519d, 6000.0
0xd75CBe6E381C342872C1194744A741d383356edf, 1529.12837999999
0x31b265fe036b12A54101D8C72DdBe2CeF04E4731, 0.063402449353599377
0xFa55FB31d36773d548BaEF19AFd4Ed93322a17fF, 0.945174602305443031
0x9377bB9Bd29D89a8b558F22C1cc8825528C27E49, 1227.0
0xCF098aB3FA4c5B3b79d4bc765b418224b4EEcbF4, 83.727620360379572021
0x5e4Ff3c3D36d3b9973B491FfE6A2C8533488C7a1, 14.944245499970611542
0x6E03f2837298eCA2803a58217E2731DC22595968, 4255.168545549260012918
0x9351fb5C57aB4155e77d2B5bE847B3Bf44c484F4, 146.62278715386445549
0x288e6ABe137bB4a13dB05744993420a7Ef2d0D37, 283.078537643392840442
0x0C00177CF3Cda908c2dD3d47aC52d2059CeF62c2, 1913.964234357956790117
0xa86d975af28fB55Ff27b7bBF7a834e3A3F7D2DA8, 172.47644459427713572
0x0523a398c512037feBf3415468b3239f04826BE0, 0.361314431141649201
0x6C69FC16AD50d0f2518aFd6b89e3B7AC2777C834, 3922.89594113650976594
0x5671b758959085F0f98fd89B66061F8E54396072, 1641.324449625785090473
0xb4c7d614A9125d476889eE7D84F8Cb8ebdA3D392, 1500.0
0x5a0e8447e5cE335DEf5F824E4f010B12d5730EA5, 0.382341223909410826
0xa4F816D2f1801051484AeF1fD8e1e4e59C6Bf76F, 1.199978244723743735
0x523b44279685c156207Ac731BD539758Ab233BFD, 5350.0
0x404E70A162487c9Af8982a89a5453f389d5257b1, 0.06595154167180694
0xcC45Cf327997D87B8B9bFc3817fCe0D134C41942, 1317883.0
0x91f39217BC8DE2beA47c1D81a0C747F6eEf10Ba4, 577.585437810910156613
0xeD6588FC0ab88A600d1B53Eb43Af41b5006B6312, 1987.912675979342585907
0xB2d12f8c9bDcBdBC3ab1EA8B413AcA2E45D7306A, 1198.485325698872634625
0x20fEc2d2aE4bC5E44cb167526b30371db6dd382b, 4893.607259587809239667
0x68a06Dd28f4A8C3f7a886Fd05C0A3fD13a5bE586, 100000.0
0xecA5ba67661B8daD5339424af6270A8901fcc378, 296.584300339698690616
0x517628cE4f1479CaAcD127611501A3A50AFC07a7, 976.071251793326566652
0x1EB954135113f3e1856262FE6bda571363bCefE0, 157.92481887712864235
0x0AFdf7487bec3A011817ea357c23901D99CEc2e9, 487.752824851165092493
0x507d0E9F12447DD1055d98bF82C92F17650fB8b5, 2595.562436413017984732
0xdfa0d020AAC1d56Bc26fF06a6a48b8BBdF004628, 573.492257419634375075
0xa4fD68fD9eB88f451cc61a6B2c63Ae8551FfEaa9, 13105.947128213016483717
0x2AF6E692Dd75f40721115ee848618ef822D61Eb9, 2044.834353964468652932
0x585EF5aB2e4Ed8bFfE3f2Cc9F59Eb41e642E9365, 786.216727491989137471
0x2e9eCfE6bc0F36CbD8740c59344B615E73064EE7, 294.009511384376420327
0x86f02d36880b221c1EFDcA6D5436Eb6235Eb22df, 999.81116430437057284
0xB558C1924aB6450D585AEa7CEd5fd18410e92710, 3089.706018518518518518
0x4F94e4E63950540e28eAe9297bc0977F12610aE3, 19.01211962760722496
0x0826aF14f90FB371Da3850408e1C0B561612177E, 15161.59422089549032357
0xBdc6D2299AD8F4DcC5D860A0cca900DA6122075F, 6000.0
0x1af1CfF39F36E6BD016fA5fd4062317aF550c42d, 50000.0
0xd27882047a1B43f31bcB0b9E2b3A8F737BE41D47, 1000.077925151989540496
0xa746575b84b2262A90e12003b8e07132A372A651, 6000.0
0x68d19c5d94066c779B6C2375B46D687a56698740, 2291.871450209980412815
0xBD0BEc1C597291B8E9965D7F68FD492D720a33A9, 635.889043362254138318
0x630E3986d63510cbA2EF212bA5EbFdAa0FccEd05, 359.11668915804648274
0xc3cdcA58c64177dCcF4B792b834C9b87E3dd17A1, 0.253980522313123488
0x3495344dE24837D8834Ef7E6E8298B3169FBdE91, 100.0
0xa0dDa1B22BDDb40AdbC5524138C69Ec9f5e7088d, 10600.798126629047015155
0xBa874d25a1167A5B664eAeAE4d090cDED4E4FE52, 4183.549247952497730266
0xD2Ef10da66727627C68bEd148e881C923C1baA77, 26318.114119283524948558
0xbaE316407B1187DdF39Fdc7ebEFae0558744FcfE, 2551.174469492922380159
0xD2D36ed993A2DeF97105e47D6004e9a0e3806453, 10132.603881498634802843
0xdE9F835723aA8Ea52C30f9B3f2a4038B740FCd4c, 10458.680031265890395547
0x2ec018013EcF8341d953b90eB96079D0696b3ed5, 28698.866421625826345719
0x0f61aB433C7C336D0153e526a41DD2A6155CEA6B, 1.919303621800167303
0x29C8950157979A0bC26772F1cC74006D6cF97473, 436744.335430673743615884
0x94B9C1E661Faa3A7D2f5605f28c14227a2F59937, 0.000000003006240578
0x8983558d8669B6Fd3E798525541E89830A079507, 94415.747744481316847487
0x1008a7e1B1304081510d7356e7C0B4dc231452B6, 42850.766907432632070327
0x301aBB8f160f254B4dd6dD01d3ba1920869DF217, 1987.746790160185672395
0xdE6fC92c014962d120D1eec305a36C8427508228, 500000.368050998341676617
0x396f8Cda2825ABb6D0C37E631BAd4cA01B24d2d3, 693.0
0x475A80533bDc064d31Ad7ace4Ad82e763739Ccee, 41703.37783338213673161
0xbd34678C8e17d4D6F221B4Cb912D79C3443F8034, 9137.636679528411841793
